{
  "menu": [
    {
      "url": "/",
      "name": "Dashboard",
      "icon": "menu-icon tf-icons bx bx-home-circle",
      "slug": "dashboard-analytics"
    },
    {
      "menuHeader": "system"
    },
    {
      "name": "Account Settings",
      "icon": "menu-icon tf-icons bx bx-dock-top",
      "slug": "pages-account-settings",
      "url": "/account-settings"
    },
    {
      "name": "Schedules",
      "icon": "menu-icon tf-icons bx bx-time",
      "slug": "schedule",
      "url": "/schedules"
    },
    {
      "menuHeader": "Components"
    },
    {
      "name": "Actuators",
      "icon": "menu-icon tf-icons bx bx-collection",
      "slug": "actuator",
      "url": "/actuators"
    }
  ]
}
